"listed_in","n"
"Action & Adventure",47
"Anime Features",56
"Anime Series",132
"Children & Family Movies",17
"Classic Movies",3
"Comedies",8
"Crime TV Shows",15
"Cult Movies",1
"Documentaries",7
"Docuseries",1
"Dramas",19
"Horror Movies",3
"Independent Movies",6
"International Movies",61
"International TV Shows",139
"Kids' TV",27
"LGBTQ Movies",1
"Movies",2
"Music & Musicals",6
"Reality TV",9
"Romantic Movies",6
"Romantic TV Shows",20
"Sci-Fi & Fantasy",8
"Sports Movies",1
"Stand-Up Comedy & Talk Shows",1
"Teen TV Shows",14
"Thrillers",3
"TV Action & Adventure",5
"TV Comedies",8
"TV Dramas",21
"TV Horror",4
"TV Mysteries",4
"TV Shows",1
"TV Thrillers",4
